{"cameraMode":{"drawMode":0,"name":"Shaded","section":"Shading Mode"},"sceneLighting":true,"audioPlay":false,"sceneViewState":{"m_AlwaysRefresh":false,"showFog":true,"showSkybox":true,"showFlares":true,"showImageEffects":true,"showParticleSystems":true,"showVisualEffectGraphs":true,"m_FxEnabled":true},"in2DMode":false,"pivot":{"x":12.832967758178711,"y":6.2870049476623539,"z":32.506072998046878},"rotation":{"x":0.06476376205682755,"y":0.003987255040556192,"z":-0.00025874932180158794,"w":0.9978932738304138},"size":1.1627792119979859,"orthographic":false}