{"cameraMode":{"drawMode":0,"name":"Shaded","section":"Shading Mode"},"sceneLighting":true,"audioPlay":false,"sceneViewState":{"m_AlwaysRefresh":false,"showFog":true,"showSkybox":true,"showFlares":true,"showImageEffects":true,"showParticleSystems":true,"showVisualEffectGraphs":true,"m_FxEnabled":true},"in2DMode":false,"pivot":{"x":-17.19281578063965,"y":15.960312843322754,"z":104.45648193359375},"rotation":{"x":0.009000228717923165,"y":0.0019999530632048847,"z":-0.000016267124010482803,"w":1.000014305114746},"size":90.99029541015625,"orthographic":false}