{"cameraMode":{"drawMode":0,"name":"Shaded","section":"Shading Mode"},"sceneLighting":true,"audioPlay":false,"sceneViewState":{"m_AlwaysRefresh":false,"showFog":true,"showSkybox":true,"showFlares":true,"showImageEffects":true,"showParticleSystems":true,"showVisualEffectGraphs":true,"m_FxEnabled":true},"in2DMode":false,"pivot":{"x":8.84521198272705,"y":-0.5468090772628784,"z":20.438518524169923},"rotation":{"x":0.2217872589826584,"y":-0.03704727441072464,"z":0.008434358984231949,"w":0.9743617177009583},"size":12.12435531616211,"orthographic":true}