{"cameraMode":{"drawMode":0,"name":"Shaded","section":"Shading Mode"},"sceneLighting":true,"audioPlay":false,"sceneViewState":{"m_AlwaysRefresh":false,"showFog":true,"showSkybox":true,"showFlares":true,"showImageEffects":true,"showParticleSystems":true,"showVisualEffectGraphs":true,"m_FxEnabled":true},"in2DMode":false,"pivot":{"x":1.0020778179168702,"y":3.8133225440979006,"z":102.587646484375},"rotation":{"x":0.0014999384293332697,"y":0.0020000122021883728,"z":-0.0000013107833183312324,"w":1.00005304813385},"size":83.61263275146485,"orthographic":false}